uuid,name,type,permalink,cb_url,rank,created_at,updated_at,legal_name,roles,domain,homepage_url,country_code,state_code,region,city,address,postal_code,status,short_description,category_list,category_groups_list,num_funding_rounds,total_funding_usd,total_funding,total_funding_currency_code,founded_on,last_funding_on,closed_on,employee_count,email,phone,facebook_url,linkedin_url,twitter_url,logo_url,alias1,alias2,alias3,primary_role,num_exits
e691c0a6-1f9c-8b4e-4287-c36f91d892bb,blogTV,organization,blogtv,https://www.crunchbase.com/organization/blogtv,310276,6/23/07 12:25,8/10/20 3:54,,company,blogtv.com,http://www.blogtv.com,ISR,,Tel Aviv,Ramat Gan,30 Ben Gurion St.,52573,acquired,YouNow is an online community platform that enables its users to broadcast in front of a live audience.,"Broadcasting,Messaging","Information Technology,Internet Services,Media and Entertainment,Messaging and Telecommunications,Video",1,3000000,3000000,USD,5/1/06,1/1/07,,Nov-50,info@blogtv.com,,https://www.facebook.com/pg/blogTV/,https://www.linkedin.com/company/blogtv/,http://twitter.com/blogTV,https://res.cloudinary.com/crunchbase-production/image/upload/v1397180312/499cf8bd4b7ee2b862e253c1c7477ba4.png,,,,company,
ac88d380-ab57-cf90-a05b-e39ff838c6f9,Tapuz,organization,tapuz,https://www.crunchbase.com/organization/tapuz,239678,6/23/07 14:08,2/12/18 23:58,,"investor,company",tapuz.co.il,http://www.tapuz.co.il,ISR,,Tel Aviv,Herzliya,Ben Gurion 30,,ipo,"Tapuz is a financial organization. Their website is in Hebrew, making it difficult to get information on them. If you have more","Association,Financial Services,Information Technology","Financial Services,Information Technology,Other",,,,,1/1/96,,,101-250,,,https://www.facebook.com/haaretz,,http://twitter.com/TapuzAnashim,https://res.cloudinary.com/crunchbase-production/image/upload/v1397178504/43ab836c9fd55772514f3fd9e48d5b6e.png,,,,investor,1
b94dd8d9-a918-4d94-8373-e4ca6c7d34b7,fring,organization,fring,https://www.crunchbase.com/organization/fring,28267,7/3/07 13:16,6/24/19 21:58,fring Ltd.,company,fring.com,http://www.fring.com,ISR,,Tel Aviv,Tel Aviv,13 Kehilat Saloniki Street,69353,acquired,"fring is a mobile communications service that supports free mobile group video calls, video calls, voice calls, and live chat.","Apps,Developer APIs,Email,Messaging,Mobile,Search Engine,VoIP,Wireless","Apps,Hardware,Information Technology,Internet Services,Messaging and Telecommunications,Mobile,Software",4,35000000,35000000,USD,1/1/06,5/24/11,,Nov-50,info@fring.com,,http://www.facebook.com/fring,https://www.linkedin.com/company/48079,http://twitter.com/fring,https://res.cloudinary.com/crunchbase-production/image/upload/v1397180363/d5bfb38c0351cda282d49d160007bca9.jpg,,,,company,
1085e313-fc69-2d7e-9a23-b8b06ccd47f2,Go2Web20,organization,go2web20,https://www.crunchbase.com/organization/go2web20,270201,7/18/07 19:59,2/12/18 23:53,,company,go2web20.net,http://www.go2web20.net,ISR,,Tel Aviv,Tel Aviv,,,closed,Go2Web20.net is a directory of Web 2.0 applications and services.,"Software,Web Development",Software,,,,,9/1/06,,7/15/15,10-Jan,,,,,http://twitter.com/Go2web20,https://res.cloudinary.com/crunchbase-production/image/upload/v1397180515/f2000d1695d31e8eeeb1aac7e43ebeba.jpg,,,,company,
8ce3826f-c2b7-4e85-8a6e-e4e1c102b753,MeeMix,organization,meemix,https://www.crunchbase.com/organization/meemix,1042816,8/2/07 14:49,6/24/19 21:30,,company,meemix.biz,http://www.meemix.biz,ISR,,Tel Aviv,Tel Aviv,12 Bialik St.,68013,operating,Personalizing your media offerings,"Art,Music,Video","Media and Entertainment,Music and Audio,Video",,,,,6/1/06,,,10-Jan,support@meemix.com,,,,http://twitter.com/MeeMix,https://res.cloudinary.com/crunchbase-production/image/upload/v1397180774/d9057c2fb1c51c4b99b5c4e7f82a2768.jpg,,,,company,
3fa28a3f-f259-71c9-dcc7-03fbf7132752,Evergreen Venture Partners,organization,evergreen-venture-partners,https://www.crunchbase.com/organization/evergreen-venture-partners,137058,8/7/07 15:34,3/26/20 15:47,,investor,evergreen.co.il,http://www.evergreen.co.il,ISR,,Tel Aviv,Tel Aviv,96 Rothschild Blvd,65224,operating,"Evergreen was established in 1987 by Jacob Burak as one of Israel's first Venture Capital firms, and has grown into a leader, generating","Finance,Financial Services,Venture Capital","Financial Services,Lending and Investments",,,,,1/1/87,,,Nov-50,info@evergreen.co.il,-7107241,,,http://twitter.com/EvergreenVC,https://res.cloudinary.com/crunchbase-production/image/upload/v1407243789/iwdvdmqkv6chbf7uhuqa.jpg,,,,investor,29
9b6d3860-edaa-a093-4732-54c98a82803e,KnockaTV,organization,knockatv,https://www.crunchbase.com/organization/knockatv,440065,8/7/07 16:17,2/13/18 0:38,,company,knockatv.com,http://knockatv.com,ISR,,Tel Aviv,Herzliya,,,closed,KnockaTV is a video company offering community-based services.,"Apps,Communities,Content,Digital Entertainment,Video","Apps,Community and Lifestyle,Media and Entertainment,Software,Video",2,4500000,4500000,USD,1/1/06,6/1/07,2/28/08,unknown,,,,,,https://res.cloudinary.com/crunchbase-production/image/upload/v1397180860/9c364add2c978527c048cc890bb55ec3.png,,,,company,
08990e12-8c9c-fea5-9132-13e529715fc7,Sportingo,organization,sportingo,https://www.crunchbase.com/organization/sportingo,598244,8/14/07 5:38,10/26/18 23:25,,company,sportingo.com,http://www.sportingo.com,ISR,,Tel Aviv,Herzliya,,46733,acquired,"Sportingo is a sports news company that provides a global platform for sports fans to write, talk and consume sport media online.","News,Sports","Content and Publishing,Media and Entertainment,Sports",1,3200000,3200000,USD,7/1/06,10/1/07,,10-Jan,info@sportingo.com,,,,,https://res.cloudinary.com/crunchbase-production/image/upload/v1397180926/c17c8c04477681713d3cafd33ff628b1.gif,,,,company,
484b3556-34a1-8d45-179d-112e231371d5,G.ho.st,organization,g-ho-st,https://www.crunchbase.com/organization/g-ho-st,323875,8/21/07 18:44,2/12/18 23:26,,company,g.ho.st,http://g.ho.st,ISR,,Yerushalayim,Jerusalem,,,closed,"G.ho.st offers a free virtual computer that hosts all the users' data and applications on the web, making it accessible via any platform.","Cloud Computing,Software,Web Hosting","Internet Services,Software",1,3000000,3000000,USD,1/1/06,5/29/08,,Nov-50,info@G.ho.st,,,,http://twitter.com/ghostvc,https://res.cloudinary.com/crunchbase-production/image/upload/v1397181066/5dfed6f88761a29579b3a576fb055414.png,ghost,,,company,
1a766013-4ab1-3716-24b6-95542c984430,MyHeritage,organization,myheritage,https://www.crunchbase.com/organization/myheritage,7953,8/28/07 17:12,6/24/19 21:37,MyHeritage Ltd.,company,myheritage.com,http://www.myheritage.com,ISR,,Tel Aviv,Or Yehuda,,,operating,"MyHeritage is a destination to discover, preserve, and share family history.","Apps,Family,Internet,Social Media","Apps,Community and Lifestyle,Internet Services,Media and Entertainment,Software",6,49000000,49000000,USD,1/1/03,11/28/12,,251-500,pr@myheritage.com,844 921 2230,http://www.facebook.com/myheritage,https://www.linkedin.com/company/167538/,http://twitter.com/myheritage,https://res.cloudinary.com/crunchbase-production/image/upload/v1432708899/ahjfq1qjuh0l1qzfw6ky.jpg,MyHeritage,,,company,
a705497c-f54b-ec5d-9d6a-1951de507031,Pitango Venture Capital,organization,pitango-venture-capital,https://www.crunchbase.com/organization/pitango-venture-capital,9407,8/28/07 23:55,10/31/20 14:04,,investor,pitango.com,http://www.pitango.com,ISR,,Tel Aviv,Herzliya,11 HaMenofim St. Building B,4672562,operating,"Pitango Venture Capital is a venture capital firm focused on Early Stage, Health, and Growth investments.","Developer Tools,E-Commerce,Finance,Financial Services,FinTech,Health Care,Information Technology,Life Science,Quantum Computing,Venture Capital","Biotechnology,Commerce and Shopping,Financial Services,Health Care,Information Technology,Lending and Investments,Science and Engineering,Software",1,,,,1/1/93,12/10/15,,Nov-50,mail@pitango.com,972-9-971-8100,https://www.facebook.com/PitangoVC/,http://www.linkedin.com/company/pitango-venture-capital,http://twitter.com/Pitango,https://res.cloudinary.com/crunchbase-production/image/upload/mqlr8ayh0zqnbucfuxmz,"Pitango First, Pitango Healthcare, Pitango Growth",,,investor,55
147e556b-267a-8246-b182-cf49cb647639,Ceedo,organization,ceedo-technologies,https://www.crunchbase.com/organization/ceedo-technologies,185960,9/2/07 19:29,6/24/19 21:32,Ceedo Technologies (2005) Ltd.,company,ceedo.com,http://www.ceedo.com,ISR,,Tel Aviv,Herzliya,,,operating,Next Generation Endpoint Security,"Cyber Security,Virtualization","Hardware,Information Technology,Privacy and Security,Software",1,4500000,4500000,USD,10/1/05,4/2/07,,10-Jan,officeadmin@ceedo.com,,,http://www.linkedin.com/company/ceedo_72780,,https://res.cloudinary.com/crunchbase-production/image/upload/v1503055278/j1ny8pztu4qqilwgho7b.png,,,,company,
81774d9b-32f9-a110-0679-4a35eb8866e6,Extreme Reality,organization,extremereality,https://www.crunchbase.com/organization/extremereality,38446,9/3/07 16:47,6/24/19 21:32,Extreme Reality Ltd.,company,xtr3d.com,http://www.xtr3d.com,ISR,,Tel Aviv,Herzliya,16 Abba Eban Blvd.,46725,operating,"Extreme Reality provides software-based, motion analysis and control for computing devices and operating systems via a standard camera.","3D Technology,Motion Capture,Software","Hardware,Media and Entertainment,Software,Video",2,18150000,18150000,USD,3/1/05,11/26/13,,Nov-50,info@xtr3d.com,,https://www.facebook.com/XTR3D,http://www.linkedin.com/company/167291,http://twitter.com/EXTREMEREALITY1,https://res.cloudinary.com/crunchbase-production/image/upload/v1424467567/xo2jwuvmfnmpijrkitdx.jpg,Extreme Reality,XTR3D,,company,
41e71793-b8b2-51a5-98cb-dd8f7b2e5fdb,Elron Electronic Industries,organization,elron-electronic-industries,https://www.crunchbase.com/organization/elron-electronic-industries,119249,9/4/07 1:01,3/9/20 22:11,,"investor,company",elron.com,http://www.elron.com,ISR,,Tel Aviv,Tel Aviv,"3 Azrieli Center The Triangle Tower, 42nd Floor",67023,ipo,Elron is a Israeli holding company dedicated to building technology companies that transform lives and industries.,"Electronics,Information Technology,Medical Device,Robotics,Semiconductor","Consumer Electronics,Hardware,Health Care,Information Technology,Science and Engineering,Software",1,52000000,52000000,USD,10/20/61,12/13/06,,Nov-50,info@elron.com,-6074586,https://www.facebook.com/elronIsrael/,https://www.linkedin.com/company/elron-electronic-industries/,,https://res.cloudinary.com/crunchbase-production/image/upload/v1467851853/a3cxtgaif4ugrv6yogdy.jpg,,,,investor,5
12317bcb-4ee2-7fce-6ad1-d2ebcec44db2,MetaLink,organization,metalink,https://www.crunchbase.com/organization/metalink,353950,9/10/07 23:09,4/17/18 17:14,,company,mtlk.com,http://www.mtlk.com,ISR,,HaMerkaz,Yakum,Yakum Business Park,60972,ipo,WLAN silicon solutions,"DSP,Mobile,Telecommunications","Hardware,Mobile",1,,,,1/1/92,8/21/97,,51-100,,972 9 960 5407,,,,https://res.cloudinary.com/crunchbase-production/image/upload/v1397181687/de135ee363d285c991ab2133546c65ff.gif,,,,company,
a07aaa6e-4571-db6a-4678-4a2c4fa1cae1,SuTree,organization,sutree,https://www.crunchbase.com/organization/sutree,826857,9/11/07 2:28,2/12/18 23:46,,company,sutree.com,http://www.sutree.com,ISR,,Tel Aviv,Herzliya,Ackerstein Building Rehov Medinat Hayehudim 103,46766,operating,SuTree (a combination of the words Sutra and Tree) is a video site that aggregates instructional videos and lets users browse them by,"Electronics,Fashion,Video","Clothing and Apparel,Consumer Electronics,Design,Hardware,Media and Entertainment,Video",,,,,1/1/06,,,10-Jan,,,,,,https://res.cloudinary.com/crunchbase-production/image/upload/v1397181776/6acd6affbeea0336a36f225b1ca3a9e3.png,,,,company,
7786170c-6fe5-95db-e259-697a37d626f5,mPortico,organization,mportico,https://www.crunchbase.com/organization/mportico,635627,9/11/07 7:34,6/24/19 21:22,,company,mportico.com,http://www.mportico.com,ISR,,Tel Aviv,Herzliya,16 Haminhara Street,46586,closed,mPortico uses mobile memory cards to deliver content to its clients.,"Logistics,Mobile","Mobile,Transportation",5,3750000,3750000,USD,10/1/06,5/10/08,10/22/12,10-Jan,info@mportico.com,,,,,https://res.cloudinary.com/crunchbase-production/image/upload/v1397181777/a40f164b60802b647669db8d14a9c804.jpg,,,,company,
e3fd7783-f349-81b2-132f-c7062a37d071,Veritas Venture Partners,organization,veritas-venture-partners,https://www.crunchbase.com/organization/veritas-venture-partners,171367,9/27/07 17:40,3/13/20 20:18,,investor,veritasvc.com,http://www.veritasvc.com,ISR,,HaMerkaz,Ra'anana,2A Hamelacha St. 3rd Floor,43661,operating,Veritas is dedicated to providing entrepreneurs with a fast and discreet reply. They try to be responsive to what is often the,"Enterprise,Internet,Venture Capital","Financial Services,Internet Services,Lending and Investments,Other",,,,,1/1/90,,,10-Jan,baruch@tmura.org,-4144,,https://www.linkedin.com/company/veritas-venture-partners,,https://res.cloudinary.com/crunchbase-production/image/upload/v1397178777/f3111b14ecb85b02b60b313a16cf09c8.gif,,,,investor,3
366c3994-7f70-237a-357b-b830ffd7bd4b,Babylon,organization,babylon,https://www.crunchbase.com/organization/babylon,107433,10/2/07 20:51,4/17/18 8:35,Babylon Ltd.,"investor,company",babylon.com,http://www.babylon.com,ISR,,Tel Aviv,Or Yehuda,10 Hataasiya St.,6021210,ipo,Babylon provides translation and language learning solutions such as the translator and dictionary for PC and Mac.,"Language Learning,Publishing,Search Engine,Software","Content and Publishing,Education,Internet Services,Media and Entertainment,Software",,,,,9/4/97,,,51-100,Emmab@Babylon.com,,http://www.facebook.com/BabylonSoftware,http://www.linkedin.com/company/12681,http://twitter.com/BabylonLTD,https://res.cloudinary.com/crunchbase-production/image/upload/v1397181886/986cdbb6970eed1639c1b4442a758dec.jpg,,,,company,
c31ca649-d2c9-549a-d413-313d4389ec0c,Testuff,organization,testuff,https://www.crunchbase.com/organization/testuff,359485,10/8/07 16:52,2/12/18 23:58,,company,testuff.com,http://www.testuff.com,ISR,,Tel Aviv,Ramat Gan,,,operating,The Testuff founders have many years of experience in all aspects of software development and testing.,"Developer APIs,Enterprise Software,Service Industry,Software","Other,Software",,,,,1/1/07,,,10-Jan,contact@testuff.com,,https://www.facebook.com/Testuff-Test-Management-Software-257650488047/,https://www.linkedin.com/company-beta/305296/?pathWildcard=305296,http://twitter.com/testuff,https://res.cloudinary.com/crunchbase-production/image/upload/v1397181923/053e3ff0c9fbbe0edcbd8cb50e7436de.jpg,,,,company,
44974c34-7435-5e3d-1f5f-70ee942d485a,Magma Venture Partners,organization,magma-venture-partners,https://www.crunchbase.com/organization/magma-venture-partners,67320,10/10/07 19:50,6/24/19 21:35,,investor,magmavc.com,http://www.magmavc.com,ISR,,Tel Aviv,Tel Aviv,22 Rothschild Blvd. 25th floor,,operating,Magma is an Israel-based venture capital firm specializing in early-stage investments.,"Finance,Financial Services,Venture Capital","Financial Services,Lending and Investments",,,,,1/1/99,,,Nov-50,info@magmavc.com,-5686,https://www.facebook.com/pages/Magma-Venture-Partners/1428272370778662?fref=ts,https://www.linkedin.com/company/681502?trk=tyah&trkInfo=clickedVertical%3Acompany%2CclickedEntityId%3A681502%2Cidx%3A1-1-1%2CtarId%3A1442272095733%2Ctas%3AMagma%20Venture%20Partners,,https://res.cloudinary.com/crunchbase-production/image/upload/dbcsxdelx0if7aszlvrs,,,,investor,20
b04f6634-a9f2-868d-d26a-fde29ab6a7a9,Wix,organization,wix,https://www.crunchbase.com/organization/wix,2818,10/23/07 1:18,11/2/20 5:02,Wix.com Limited,"investor,company",wix.com,http://www.wix.com/,ISR,,Tel Aviv,Tel Aviv,40 Namal Tel-Aviv Street,6350671,ipo,Wix provides a platform for the development of cloud data services for millions of registered users worldwide.,"B2B,Developer Tools,Enterprise Software,Information Technology,Internet,Small and Medium Businesses,Software,Web Design","Design,Information Technology,Internet Services,Other,Software",4,58500000,58500000,USD,10/5/06,3/28/11,,1001-5000,pr@wix.com,(415)517-6539,http://www.facebook.com/wix/,https://www.linkedin.com/company/wix-com/,https://twitter.com/wix,https://res.cloudinary.com/crunchbase-production/image/upload/jokhst3pxevsbh74pvyu,Wixpress,SPP Advisors,,company,
07a1c73f-d680-ed56-38ce-d97a43096314,Yedda (AOL Answers),organization,yedda,https://www.crunchbase.com/organization/yedda,170593,11/9/07 21:11,12/17/20 15:07,,company,aolanswers.com,https://aolanswers.com,ISR,,Tel Aviv,Tel Aviv,,,acquired,Social Q&A,"Communities,Social Media,Social Network","Community and Lifestyle,Internet Services,Media and Entertainment",2,2500000,2500000,USD,1/1/06,2/1/07,,10-Jan,,,,,,https://res.cloudinary.com/crunchbase-production/image/upload/iry0nlkpgbst0oo71ota,,,,company,
51a37df4-2049-13df-4e08-c1cad2bc292b,eSnips,organization,esnips,https://www.crunchbase.com/organization/esnips,136605,11/15/07 20:57,10/21/20 10:51,,company,haxtax.com,https://www.haxtax.com,ISR,,Tel Aviv,Herzliya,P.O. Box 4010 3 Hasadnaot St,46140,acquired,eSnips offers a media dashboard that enables its users to express themselves through their digital content.,"File Sharing,Social Media,Web Hosting","Internet Services,Media and Entertainment,Software",3,5000000,5000000,USD,1/1/01,5/31/07,,51-100,support@esnips.com,,,,,https://res.cloudinary.com/crunchbase-production/image/upload/v1397182409/2fd3f2c9de8121822ee718960fcc0d95.gif,,,,company,
ec482114-a406-3330-1a2a-e0ef7ff37a90,YouLicense,organization,youlicense,https://www.crunchbase.com/organization/youlicense,189169,11/26/07 3:14,3/25/19 20:01,,company,youlicense.com,http://youlicense.com,ISR,,Tel Aviv,Tel Aviv,Ishtori HaParhi Street 5,63118,operating,YouLicense is an online music licensing platform that allows artists and customers to conduct direct business conversations with each other.,"Music,Online Portals,Social Media","Internet Services,Media and Entertainment,Music and Audio",3,1100000,1100000,USD,1/1/07,4/1/09,,Nov-50,,,https://www.facebook.com/YouLicense,https://www.linkedin.com/company/youlicense,http://twitter.com/YouLicense,https://res.cloudinary.com/crunchbase-production/image/upload/v1397182535/a2ae9746f941d222b2e55db075022314.png,,,,company,
315b5523-1848-6ce4-83b2-296a21d37d36,Israel Seed Partners,organization,israel-seed-partners,https://www.crunchbase.com/organization/israel-seed-partners,163872,11/26/07 20:46,3/12/20 17:20,,investor,israelseed.com,http://www.israelseed.com,ISR,,Yerushalayim,Jerusalem,Jerusalem Technology Park P O Box 48183,91481,operating,Israel Seed Partners takes a hands-on approach to supporting and nurturing seed-stage investments.,"Finance,Financial Services,Venture Capital","Financial Services,Lending and Investments",,,,,1/1/95,,,10-Jan,webmaster@israelseed.com,,,,,https://res.cloudinary.com/crunchbase-production/image/upload/v1397178879/40336111b07dd8a7c33cdac50b4b67c1.png,,,,investor,15
ca17699b-2f49-91f4-5863-7216fc07a64e,eToro,organization,etoro,https://www.crunchbase.com/organization/etoro,86,11/27/07 20:24,10/4/19 6:04,eToro (UK) Ltd.,"investor,company",etoro.com,https://www.etoro.com/,ISR,,Tel Aviv,Tel Aviv,,,operating,"eToro is a social trading and investment marketplace that allows users to trade currencies, commodities, indices, and stocks.","Finance,Financial Services,FinTech,Marketplace,Trading Platform","Commerce and Shopping,Financial Services,Lending and Investments",12,272700000,272700000,USD,1/1/07,12/8/20,,501-1000,support@etoro.com,-2053,http://www.facebook.com/etoro,https://www.linkedin.com/company/etoro/,http://twitter.com/eToro,https://res.cloudinary.com/crunchbase-production/image/upload/iclberphge7gnwbyqffl,,,,company,
48b6b97e-e5ec-a6d6-1cb0-5d3f74b3f9cd,Cubit Investments,organization,cubit-investments,https://www.crunchbase.com/organization/cubit-investments,157219,11/27/07 20:32,3/11/20 20:22,,investor,guygamzu.com,http://www.guygamzu.com,ISR,,Tel Aviv,Ramat Gan,21 Tuval Street,,operating,"Cubit Investments is a venture capital firm specialized in incubation, seed-, and early-stage venture investments.","Finance,FinTech,Venture Capital","Financial Services,Lending and Investments",,,,,1/1/98,,,10-Jan,,,,https://www.linkedin.com/in/guygamzu/,https://twitter.com/guygamzu,https://res.cloudinary.com/crunchbase-production/image/upload/v1468484932/kuuk0gojryibqb1o4im7.png,,,,investor,3
b1efb776-c85e-3c83-3e4c-c85b80889984,AllofMe,organization,allofme,https://www.crunchbase.com/organization/allofme,485107,11/27/07 22:30,6/24/19 22:01,,company,allofme.com,http://www.allofme.com,ISR,,Tel Aviv,Tel Aviv,2 Har Sinai St.,65816,closed,"AllofMe lets users create digital timelines using emails, photos, videos, documents, and more.",Software,Software,1,,,,5/1/07,11/1/07,,10-Jan,info@allofme.com,,,,,https://res.cloudinary.com/crunchbase-production/image/upload/v1397182541/074ae83eef0554aca264228745c73988.png,,,,company,
6fc874b2-5a25-bfca-d336-612afa956c0f,IRSeeK,organization,irseek,https://www.crunchbase.com/organization/irseek,753606,12/3/07 22:16,2/12/18 23:49,,company,irseek.com,http://www.irseek.com,ISR,,Tel Aviv,Herzliya,P.O.Box 5856,46158,operating,IRSeeK is an Israeli company indexing conversations on IRC. Users can search the site to find conversations about information that might,Search Engine,Internet Services,,,,,,,,unknown,info-us@bcasol.com,,,,,https://res.cloudinary.com/crunchbase-production/image/upload/v1397182633/5a39f832528560da3495d96cd8ed3e0c.gif,,,,company,
4fb1ac49-eaf7-3f9e-e5b1-50c0866c4ab9,Clicktale,organization,clicktale,https://www.crunchbase.com/organization/clicktale,12853,12/6/07 16:36,7/17/19 17:05,Clicktale Ltd.,company,clicktale.com,http://www.clicktale.com,ISR,,Tel Aviv,Ramat Gan,Atrium Tower 2 Jabotinsky St.,5250501,acquired,Clicktale taps into the wisdom and behavior of millions of visitors to solve critical customer challenges and innovate superior experiences.,"Analytics,Business Intelligence,SaaS","Data and Analytics,Software",5,60000000,60000000,USD,6/1/06,1/28/15,,101-250,media@clicktale.com,800-807-2117,http://www.facebook.com/ClickTale,http://www.linkedin.com/company/clicktale,http://twitter.com/ClickTale,https://res.cloudinary.com/crunchbase-production/image/upload/v1486378768/ayb3cw8sruznazeq6bxz.png,,,,company,
ed7e846b-7002-4736-9e29-df5aa90ce899,iMedix Inc.,organization,imedix,https://www.crunchbase.com/organization/imedix,239115,12/9/07 17:53,6/24/19 21:26,,company,imedix.com,http://www.imedix.com,ISR,,Tel Aviv,Tel Aviv,,,closed,"iMedix, a health search engine and network, utilizes advanced proprietary algorithms to answer user questions.","Communities,Health Care,Search Engine","Community and Lifestyle,Health Care,Internet Services",1,2000000,2000000,USD,1/1/07,12/1/07,,10-Jan,info@imedix.com,,,,http://twitter.com/iMedix,https://res.cloudinary.com/crunchbase-production/image/upload/v1397182707/6fe23b67c4ed2077953aabdda221fa2c.jpg,,,,company,
5e5367e2-82b9-14d1-2423-c0a401b4d6f7,Flixwagon,organization,flixwagon,https://www.crunchbase.com/organization/flixwagon,251216,12/19/07 17:28,3/25/19 20:02,,company,flixwagon.com,http://flixwagon.com,ISR,,Tel Aviv,Bene Beraq,31 HaLechi,51200,acquired,Flixwagon is a live video streaming service that enables users with a 3G or Wi-Fi-enabled phone to broadcast live video on the web.,"Broadcasting,Mobile,Video,Video Streaming","Content and Publishing,Media and Entertainment,Mobile,Video",3,2500000,2500000,USD,1/1/07,1/1/10,,10-Jan,,,http://www.facebook.com/Flixwagon,http://www.linkedin.com/company/flixwagon,http://twitter.com/flixwagon,https://res.cloudinary.com/crunchbase-production/image/upload/v1399548861/fojmkxen0ycjjxztxifg.jpg,,,,company,
2339f3a6-0ba0-36ff-1f16-d22fd542c761,Oridian,organization,oridian,https://www.crunchbase.com/organization/oridian,323243,1/3/08 12:07,4/17/18 11:22,,company,oridian.com,http://www.oridian.com,ISR,,Tel Aviv,Herzliya,3 Sapir Street,46733,acquired,Oridian is an advertising company that provides online advertising service for its clients.,"Advertising,Internet","Advertising,Internet Services,Sales and Marketing",,,,,1/1/98,,,51-100,,972 9 960 9600,,,http://twitter.com/ybrantdigital,https://res.cloudinary.com/crunchbase-production/image/upload/v1397182902/1bc21562aedef1404b11a68935d900f1.jpg,,,,company,
8ca77695-b2ff-b12e-9e8f-3579fcf70ca6,Cedar Fund,organization,cedar-fund,https://www.crunchbase.com/organization/cedar-fund,134039,1/4/08 15:44,6/24/19 21:35,,investor,cedarfund.com,http://www.cedarfund.com,ISR,,Tel Aviv,Herzliya,9 Keren Hayesod Street,46105,operating,"Cedar Fund specializes in early stage, Israel-related investments, including Pre-Seed, seed and first round.","Analytics,Mobile,Venture Capital","Data and Analytics,Financial Services,Lending and Investments,Mobile",,,,,1/1/97,,,10-Jan,info@cedarfund.com,+1.800.844.3469,,https://www.linkedin.com/company/cedar-fund/,https://twitter.com/cedarvc?lang=en,https://res.cloudinary.com/crunchbase-production/image/upload/v1467153982/y3v4the2zri5ais4ypxr.png,,,,investor,22
d6ccac27-97ef-e13e-a6d1-cbac2e8bc1bb,Delver,organization,delver,https://www.crunchbase.com/organization/delver,254389,1/14/08 21:57,6/24/19 21:49,,company,delver.com,http://www.delver.com,ISR,,Tel Aviv,Herzliya,9 Hamenofim St.,46725,acquired,Delver is an intelligent social search engine that enables users to access crowdsourced information.,"Crowdsourcing,Location Based Services,Search Engine,Social Media,Software","Data and Analytics,Internet Services,Media and Entertainment,Navigation and Mapping,Other,Software",2,4000000,4000000,USD,1/1/07,7/19/08,,Nov-50,info@delver.com,,,,,https://res.cloudinary.com/crunchbase-production/image/upload/v1397183006/88c8048adc4ec99e8718deb7299da875.jpg,,,,company,
e0114ddb-2aac-272f-7422-a140421d1a93,Journeys,organization,journeys,https://www.crunchbase.com/organization/journeys,322859,1/14/08 23:49,6/24/19 21:53,,company,codename-journeys.com,http://www.codename-journeys.com,ISR,,Tel Aviv,Tel Aviv,13 Noah Moses St.,67442,closed,Journeys is an Israel-based platform developing virtual worlds and massively multiplayer online games (MMOG).,Travel,Travel and Tourism,1,600000,600000,USD,5/1/07,5/1/07,,Nov-50,guy@codename-journeys.com,,,,,https://res.cloudinary.com/crunchbase-production/image/upload/v1488179887/cuxfexhutdwabrl6kq3e.png,,,,company,
6b8046fa-6cd6-7c50-6609-cecda723cded,PLYmedia,organization,plymedia,https://www.crunchbase.com/organization/plymedia,157309,1/15/08 13:22,6/24/19 21:58,,company,plymedia.com,http://www.plymedia.com,ISR,,Tel Aviv,Tel Aviv,48 King George St,46337,operating,PLYmedia is a next-generation ad-tech company dedicated to developing the world’s leading performance-based ad exchange for ad networks,"Ad Exchange,Ad Network,Advertising,Information Technology,Media and Entertainment,Mobile Advertising","Advertising,Information Technology,Media and Entertainment,Sales and Marketing",3,5700000,5700000,USD,1/1/06,9/25/15,,51-100,info@plymedia.com,9.73E+11,http://www.facebook.com/plymedia,http://www.linkedin.com/company/plymedia,https://twitter.com/PLY_news,https://res.cloudinary.com/crunchbase-production/image/upload/v1417955033/kzafhitlhh97jb7f4lu9.png,,,,company,
a71533a9-9d64-e4fa-96c8-2d38cd9abb50,FamCorner,organization,famcorner,https://www.crunchbase.com/organization/famcorner,1225711,1/18/08 15:24,3/25/19 19:17,,company,mygrandchild.com,http://mygrandchild.com,ISR,,Yerushalayim,Bet Shemesh,8 Nachal Timna St',99622,operating,"FamCorner was created by an international cooperation of educational, technologies and social entrepreneurs which are committed to forming","Education,Internet","Education,Internet Services",,,,,6/1/06,,,10-Jan,Dror@FamCorner.com,866-503-9797,,,,https://res.cloudinary.com/crunchbase-production/image/upload/v1397183034/4c805f27e819e300c3747c6de622d310.jpg,,,,company,
00512295-30cd-2ec6-2ded-ea51b3aed16d,Gemini Israel Ventures,organization,gemini-israel-funds,https://www.crunchbase.com/organization/gemini-israel-funds,128917,1/22/08 19:02,6/24/19 21:51,,investor,gemini.co.il,http://www.gemini.co.il,ISR,,Tel Aviv,Herzliya,9 Hamenofim St. Ackerstein Towers Building A,46725,operating,Gemini is a venture capital fund that invests in early and seed-stage companies.,"Finance,Financial Services,Venture Capital","Financial Services,Lending and Investments",,,,,1/1/93,,,Nov-50,info@gemini.co.il,,http://www.facebook.com/Sermo,https://www.linkedin.com/company/gemini-israel-ventures/,http://twitter.com/GeminiVC,https://res.cloudinary.com/crunchbase-production/image/upload/v1408279756/qpm9xssv4lqrgnybz7em.jpg,,,,investor,34
fb140f9a-d964-1266-d64a-323c72935b95,velingo,organization,velingo,https://www.crunchbase.com/organization/velingo,526622,1/28/08 15:38,6/24/19 22:23,,company,velingo.com,http://www.velingo.com,ISR,,HaMerkaz,Netanya,Hamelacha 8,,operating,Velingo is an Israeli-based startup looking to provide relevant search results based on the collective search behavior of users across,Search Engine,Internet Services,1,,,,1/1/05,7/1/06,,unknown,eyali@velingo.com,,,,,https://res.cloudinary.com/crunchbase-production/image/upload/v1397183126/a82aaf5765cdfa178c55c04b9f3b57b5.png,,,,company,
773c4c7c-b956-6f58-226b-875f09f093cd,BRM Capital,organization,brm-capital,https://www.crunchbase.com/organization/brm-capital,72398,2/6/08 6:28,6/24/19 21:44,,investor,brm.com,http://www.brm.com,ISR,,Tel Aviv,Herzliya,"Ackerstein Towers, Building B 11 Hamenofim Street",4672562,operating,"BRM Capital is a VC fund that invests in early stage, Israel-related software, internet infrastructure, and communication companies.","Angel Investment,Finance,Financial Exchanges,Venture Capital","Financial Services,Lending and Investments",,,,,1/1/88,,,10-Jan,info@brm.com,,http://www.facebook.com/pages/BRM-Group/1422505751337323,http://www.linkedin.com/company/brm,,https://res.cloudinary.com/crunchbase-production/image/upload/v1397178505/95d28d13f8b8681fbebcdb5c3e1fc74e.png,,,,investor,9
464c246f-275a-a8a5-1954-3bdf919a715a,Genesis Partners,organization,genesis-partners,https://www.crunchbase.com/organization/genesis-partners,119118,2/6/08 6:28,2/12/18 23:51,,investor,genesispartners.com,http://www.genesispartners.com,ISR,,Tel Aviv,Herzliya,"11 HaMenofim Street Ackerstein Towers, Building B, 4th Floor",,operating,Genesis Partners is an Israeli venture capital firm.,"Angel Investment,Enterprise,Information and Communications Technology (ICT),Venture Capital","Financial Services,Information Technology,Lending and Investments,Other",,,,,1/1/96,,,Nov-50,,,http://www.facebook.com/pages/Genesis-Partners/164667676893466,http://www.linkedin.com/company/genesis-partners,,https://res.cloudinary.com/crunchbase-production/image/upload/v1397178771/c87f27ba46723b84a277e19c4ab463d3.png,,,,investor,32
3d08bbef-f817-b005-13f3-6c52efdf7055,Jerusalem Capital,organization,jerusalem-capital,https://www.crunchbase.com/organization/jerusalem-capital,757283,2/6/08 6:28,6/24/19 21:55,,investor,jerusalemcapital.ne,http://www.jerusalemcapital.ne,ISR,,Yerushalayim,Jerusalem,"Jerusalem Technology Park Building 8, Floor 3, Malcha",96251,operating,Jerusalem Capital is a venture capital fund.,"Finance,Financial Services,Venture Capital","Financial Services,Lending and Investments",,,,,1/1/96,,,unknown,jacob@jerusalemcapital.net,,,,,https://res.cloudinary.com/crunchbase-production/image/upload/v1397178768/fb5ac6d106037ea2ce140fe1ec328607.jpg,,,,investor,
025c6083-5e16-268a-2590-8e8141171b1f,Gmul,organization,gmul,https://www.crunchbase.com/organization/gmul,484244,2/6/08 6:28,2/12/18 23:57,,investor,gmul.co.il,http://www.gmul.co.il,ISR,,Tel Aviv,Tel Aviv,23 Menachem Begin Way Floor 22,66182,acquired,"Gmul Investment Company Ltd. (Gmul) is an Israel-based investment company, dealing in investments in four sectors: real estate, including",,,,,,,,,,unknown,,,,,,https://res.cloudinary.com/crunchbase-production/image/upload/v1397178769/3aea1d28418447c5dbfc40c1810001db.gif,,,,investor,
eed4da5c-cddc-47a6-cc2a-c2eab04fd7ec,Bukisa,organization,bukisa,https://www.crunchbase.com/organization/bukisa,300287,2/12/08 5:54,3/29/19 23:40,,company,bukisa.com,http://www.bukisa.com,ISR,,Tel Aviv,Ramat Gan,,52521,operating,"Bukisa specializes is UGC (User Generated Content) websites, empowering users to share their knowledge with the world.","Audio,Content,Journalism,Photography,Video","Content and Publishing,Media and Entertainment,Music and Audio,Video",,,,,1/1/08,,,10-Jan,bukisa.com@gmail.com,,http://www.facebook.com/Bukisa,http://www.linkedin.com/company/bukisa,http://twitter.com/bukisa,https://res.cloudinary.com/crunchbase-production/image/upload/v1397183232/8cb02a90aeb77bc05b74471cc3cc3c72.png,,,,company,
eb6b8bbf-8fd7-3951-241f-8bd0fa783b96,eTeacher Group,organization,eteacher,https://www.crunchbase.com/organization/eteacher,399138,2/13/08 20:51,1/18/21 14:46,,company,eteachergroup.com,http://www.eTeacherGroup.com,ISR,,Tel Aviv,Ramat Gan,8 Oholiav ST,52522,operating,Massive online education with real connections.,"E-Learning,EdTech,Education,Language Learning","Education,Software",,,,,11/1/00,,,501-1000,boaz@eteachergroup.com,-2331643,,https://www.linkedin.com/company/eteacher,,https://res.cloudinary.com/crunchbase-production/image/upload/uphviznb44sij0rpocuk,,,,company,
86c4ad81-f52a-4007-bbad-9319801b9201,PicScout,organization,picscout,https://www.crunchbase.com/organization/picscout,177124,2/14/08 16:28,6/24/19 21:39,,company,picscout.com,http://www.picscout.com,ISR,,Tel Aviv,Herzliya,89 Medinat Hayehudim St,46766,acquired,"PicScout’s image recognition technology unlocks the unmined data of visual content, through its Visual API and visual-based analytics for we","Analytics,Brand Marketing,Developer APIs,Image Recognition,Machine Learning","Artificial Intelligence,Data and Analytics,Sales and Marketing,Software",,,,,12/22/02,,,51-100,ask@picscout.com,97299537100,https://www.facebook.com/PicScout,https://www.linkedin.com/company/picscout,http://twitter.com/picscout,https://res.cloudinary.com/crunchbase-production/image/upload/v1432393804/frmr4xn2cldm40gau8tw.png,,,,company,
e5b391d0-85f3-5868-2acb-f5c8c5639188,octabox,organization,octabox,https://www.crunchbase.com/organization/octabox,999536,2/17/08 8:40,6/24/19 21:45,,company,octabox.com,http://www.octabox.com,ISR,,Tel Aviv,Tel Aviv,,,closed,Octabox is a home for managing and collaborating information. It provides a simple and uniform interface for many familiar tools such as,"Collaboration,Fitness,Information Technology,Nutrition","Food and Beverage,Health Care,Information Technology,Other,Sports",,,,,1/1/07,,,10-Jan,media@octabox.com,,https://www.facebook.com/theoctabox,,https://www.twitter.com/theoctabox,https://res.cloudinary.com/crunchbase-production/image/upload/v1397183609/8ed9d0e328c43a26b247bce3050d6079.png,,,,company,
aa648af0-c238-3967-ab03-dab864bb4acb,Devunity,organization,devunity,https://www.crunchbase.com/organization/devunity,465197,2/18/08 4:01,6/24/19 21:53,,company,devunity.com,http://www.devunity.com,ISR,,Tel Aviv,Herzliya,Hatabor 17,,operating,Devunity is a collaboration tool that enables code developers to share their work with colleagues.,"Developer APIs,Real Time,Social Media","Internet Services,Media and Entertainment,Other,Software",1,100000,100000,USD,8/1/07,1/1/08,,10-Jan,info@devunity.com,,,,http://twitter.com/devunity,https://res.cloudinary.com/crunchbase-production/image/upload/v1397183658/1e9229a7e50506aa2333d6bcc038a0f0.png,,,,company,
f5315c43-222f-00a0-2ddd-5a9e24f07013,IShareWeShare,organization,ishareweshare,https://www.crunchbase.com/organization/ishareweshare,998723,2/20/08 0:56,6/24/19 22:08,,company,ishareweshare.com,http://www.ishareweshare.com,ISR,,Tel Aviv,Gevataym,84 Itzhak Rabin Rd.,53483,closed,Social Network,"Internet,Social Media","Internet Services,Media and Entertainment",,,,,1/1/08,,,10-Jan,info@ishareweshare.com,-648597,,,,https://res.cloudinary.com/crunchbase-production/image/upload/v1397183758/2a77dcd0037f60388453e77892cecb53.jpg,,,,company,
b53e0918-b734-6b55-63bd-0c853222f9d0,NewACT,organization,newact,https://www.crunchbase.com/organization/newact,336517,2/25/08 5:03,12/9/19 20:27,,company,newact.com,http://www.newact.com,ISR,,HaZafon,Yoqne`am `illit,,,operating,NewACT develops a suite of mobile products.,"Developer Platform,Mobile,Product Design","Design,Mobile,Software",1,3000000,3000000,USD,1/1/06,1/1/07,,Nov-50,,,,https://www.linkedin.com/company/newact/about/,,https://res.cloudinary.com/crunchbase-production/image/upload/v1397183960/0ea476400625f5fbb83f99fff2b168b3.png,,,,company,
2c4d7f56-93be-0ba1-3c15-12fef1d95cca,LGiLab,organization,lgilab,https://www.crunchbase.com/organization/lgilab,362581,2/26/08 1:09,6/24/19 21:46,,investor,lgilab.com,http://www.lgilab.com,ISR,,Tel Aviv,Herzliya,"9 Hamenofim St. Akerstein Towers Tower A, 11th fl.",46725,operating,"Operating since May06, The LightSpeed Gemini Internet Lab is dedicated to funding companies that are at the earliest stages, supporting",,,,,,,5/1/06,,,unknown,info@lgilab.com,,,,,https://res.cloudinary.com/crunchbase-production/image/upload/v1397179068/dc88bbf46024f9e95c8baaa927e53e09.png,,,,investor,
5fbd71d2-0e2c-925d-ef32-ee357ce364fa,YaData,organization,yadata,https://www.crunchbase.com/organization/yadata,136825,2/28/08 0:06,1/10/20 6:03,,company,yadata.com,http://www.yadata.com,ISR,,Tel Aviv,Tel Aviv,10 Yehudit Blvd,67016,acquired,YaData provides ad targeting software enabling marketers to micro-segment consumers.,"Ad Targeting,Advertising,Analytics","Advertising,Data and Analytics,Sales and Marketing",2,4300000,4300000,USD,7/1/05,2/1/07,,10000+,,+1 619-849-5872,https://www.facebook.com/microsoftindia,,,https://res.cloudinary.com/crunchbase-production/image/upload/v1397184030/6f2b073687b8c1c5a98fd49369601aa4.png,,,,company,
d140721b-10ae-0e89-9d27-84dca947a787,Giza Venture Capital,organization,giza-venture-capital,https://www.crunchbase.com/organization/giza-venture-capital,100326,2/28/08 0:21,11/4/19 7:48,,"investor,company",gizavc.com,http://www.gizavc.com,ISR,,Tel Aviv,Tel Aviv,"Ramat Aviv Tower 40 Einstein St., 12th floor",61175,operating,Giza Venture Capital is a seed and early-stage technology companies investor.,"Angel Investment,Finance,Financial Services,Venture Capital","Financial Services,Lending and Investments",,,,,1/1/92,,,Nov-50,,97236402323,http://www.facebook.com/GizaVentureCapital,http://www.linkedin.com/company/32988,http://twitter.com/gizavc,https://res.cloudinary.com/crunchbase-production/image/upload/v1397179071/c4e9731fa8ea3b183a89dd1f6936d319.jpg,,,,company,49
cea8a82e-1b29-ea8f-9dd2-5a63edd85016,Ofer Hi-Tech,organization,ofer-hi-tech,https://www.crunchbase.com/organization/ofer-hi-tech,195612,2/28/08 0:21,3/12/20 20:07,,investor,oferhitech.com,http://www.oferhitech.com,ISR,,Tel Aviv,Tel Aviv,,,operating,"Ofer Hi-Tech was established in 1997 as a subsidiary of the Ofer Brothers Group, one of Israel's leading industrial and commercial","Angel Investment,Biotechnology,Health Care","Biotechnology,Financial Services,Health Care,Lending and Investments,Science and Engineering",,,,,1/1/97,,,10-Jan,,,,,https://twitter.com/Ofer_Hi_Tech,https://res.cloudinary.com/crunchbase-production/image/upload/v1397179072/1a0646d55cf13478df982a7fac48c8e5.png,,,,investor,9
0f3ae7bb-e0be-f71f-4d20-cd0debb82579,Essentia Equity,organization,essentia-equity,https://www.crunchbase.com/organization/essentia-equity,741373,2/29/08 6:57,7/3/20 8:56,,investor,essentiaequity.com,http://www.essentiaequity.com,ISR,,Tel Aviv,Tel Aviv,,,operating,Essentia Equity is a global investment company that invests in both private and public businesses around the world.,,,,,,,,,,unknown,info@essentiaequity.com,,,,,https://res.cloudinary.com/crunchbase-production/image/upload/v1397179073/071a8d4c628427e583cde9276068a20d.png,,,,investor,1
2b3ce658-6153-94b0-2e85-a3b6f445791a,Hotbar,organization,hotbar,https://www.crunchbase.com/organization/hotbar,368107,3/4/08 3:29,3/25/19 19:41,,company,hotbar.com,http://www.hotbar.com,ISR,,Tel Aviv,Tel Aviv,Iben Gvirol street,,operating,"Hotbar provides consumers free access to a large catalog of free, sought-after online videos and games.","Advertising,Internet,Video","Advertising,Internet Services,Media and Entertainment,Sales and Marketing,Video",,,,,,,,51-100,,,,,,https://res.cloudinary.com/crunchbase-production/image/upload/v1397184158/2c0c5c0959c2233fd71558a2b700fc62.jpg,,,,company,
68af3d7c-4188-8d79-f659-a1ac07ae540b,Pidgin Technologies,organization,pidgin-technologies,https://www.crunchbase.com/organization/pidgin-technologies,1087206,3/6/08 3:24,2/12/18 23:48,,company,pidgintech.com,http://www.pidgintech.com,ISR,,Tel Aviv,Tel Aviv,,,operating,Pidgin develops and operates technologies and services for the social web and web communities.,"Information Technology,Internet","Information Technology,Internet Services",,,,,6/1/04,,,10-Jan,,+972 544 930650,,,,https://res.cloudinary.com/crunchbase-production/image/upload/v1397184261/e33a82e7a704516304f49124921c4d37.gif,,,,company,
1b3a60ad-06bd-f077-fb53-c492733cfe4e,Feng-GUI,organization,feng-gui,https://www.crunchbase.com/organization/feng-gui,446404,3/6/08 20:57,3/25/19 18:52,,company,feng-gui.com,https://feng-gui.com,ISR,,HaMerkaz,Rehovot,11 Paldi Street,76248,operating,Visually Optimize Websites and Advertisements,"Advertising,Predictive Analytics,Service Industry,Software","Advertising,Artificial Intelligence,Data and Analytics,Other,Sales and Marketing,Software",,,,,11/1/09,,,10-Jan,,,https://www.facebook.com/Feng.GUI.Attention.Analysis,,http://twitter.com/FengGUI,https://res.cloudinary.com/crunchbase-production/image/upload/gxmv59uv1iq80smmdxp3,,,,company,
2cd7135a-78d1-d0bc-5445-0bde1dca38f1,modu,organization,modu,https://www.crunchbase.com/organization/modu,192057,3/13/08 9:59,6/24/19 21:40,,company,modumobile.com,http://www.modumobile.com,ISR,,HaMerkaz,Kfar Saba,17 Atir Yeda Street,44643,closed,"Modu offers The Modu, a tiny modular cellular device that can be customized by connecting it with unique cell phone enclosures.","Mobile,Telecommunications,Wireless","Hardware,Mobile",3,85000000,85000000,USD,1/1/07,1/1/09,,51-100,info@modumobile.com,200,,,,https://res.cloudinary.com/crunchbase-production/image/upload/v1397184602/d61f467024203192257887f1fef411d9.jpg,,,,company,
9f468824-0b76-fcaa-59a6-4f49e9651ed0,2Win-Solutions,organization,2win-solutions,https://www.crunchbase.com/organization/2win-solutions,455098,3/17/08 22:04,6/24/19 22:15,,company,tictacdo.com,http://www.TicTacDo.com,ISR,,HaMerkaz,Ra'anana,25 HaTaasia Street,43654,closed,2Win-Solutions offers an application that provides its users with tools to manage projects with the other members of the team.,"Collaboration,Project Management,SaaS,Software,Task Management","Administrative Services,Other,Software",1,,,,1/1/05,1/1/08,11/21/11,10-Jan,info@tictacdo.com,-17769,,,,https://res.cloudinary.com/crunchbase-production/image/upload/v1397184815/c98ce3f71ff50ab1bfd37b1d7ddd73cb.jpg,,,,company,
c77a4cc3-5ec8-0164-fc5d-dac8ead1309c,Moblica,organization,moblica,https://www.crunchbase.com/organization/moblica,780578,3/19/08 17:22,2/12/18 23:53,,company,moblica.com,http://www.moblica.com,ISR,,Tel Aviv,Tel Aviv,88 Menachem Begin Street,67138,closed,Snaptu allows users to facilitate the deployment of online services via a full-featured mobile application platform.,Mobile,Mobile,,,,,7/1/11,,6/1/13,Nov-50,,,,,,https://res.cloudinary.com/crunchbase-production/image/upload/v1397184884/a58edc08f0d6083ce022ded295ef4b02.jpg,,,,company,
12f92519-62cd-f028-c339-db3e0a4dd5e2,Kampyle,organization,kampyle,https://www.crunchbase.com/organization/kampyle,118483,3/20/08 2:14,6/24/19 22:12,,company,kampyle.com,http://www.kampyle.com,ISR,,Tel Aviv,Ramat Gan,7 Abba Hillel St.,,acquired,"Kampyle is a complete customer feedback platform that helps digital enterprises listen, understand, and act across all digital touchpoints.","Analytics,Customer Service,Enterprise Software","Data and Analytics,Other,Professional Services,Software",1,1000000,1000000,USD,4/1/07,1/1/09,,Nov-50,info@kampyle.com,+972 3-630-6200,http://www.facebook.com/kampyle,http://www.linkedin.com/company/kampyle,http://twitter.com/kampyle,https://res.cloudinary.com/crunchbase-production/image/upload/v1417009298/nnh5voobjm9tz1rjnwdz.png,,,,company,
5e3d15f2-caf9-8801-6747-4ed227d2fffe,BeInSync,organization,beinsync,https://www.crunchbase.com/organization/beinsync,289728,3/27/08 12:03,1/19/21 8:42,,company,beinsync.com,http://www.beinsync.com,ISR,,Tel Aviv,Tel Aviv,,,acquired,"BeInSync is a software platform enabling users to backup, synchronize, share and access their files, documents and other data online.","Enterprise Software,File Sharing,Software,Web Hosting","Internet Services,Software",2,8000000,8000000,USD,1/1/04,12/11/06,,10-Jan,,,,,,https://res.cloudinary.com/crunchbase-production/image/upload/v1397185260/4b197de171a16fdacd723ead4a90ebf7.png,,,,company,
7d969b8e-a2c4-f416-3f92-99a4b127cb13,Eurofund,organization,eurofund,https://www.crunchbase.com/organization/eurofund,397279,3/27/08 12:12,6/24/19 22:04,,investor,eurofund.co.il,http://www.eurofund.co.il,ISR,,Tel Aviv,Tel Aviv,87 Hayarkon Street,63432,operating,"Eurofund is a venture capital fund with a strongly defined identity and distinct areas of operation, established in alliance with powerful",,,,,,,,,,unknown,info@eurofund.co.il,,,,,https://res.cloudinary.com/crunchbase-production/image/upload/v1397179124/bbdc09f691e651779fdbbf8adfbfd698.gif,,,,investor,4
5e5cb250-bf8a-33c7-e788-14f87dff9491,Aviv Venture Capital,organization,aviv-venture-capital,https://www.crunchbase.com/organization/aviv-venture-capital,204375,3/27/08 12:12,6/29/18 13:33,,investor,avivvc.com,http://www.avivvc.com,ISR,,HaMerkaz,Petah Tiqva,36 Shacham St. Ram building 5th floor,49517,operating,Aviv Venture Capital invests in mid-stage technology companies and is an Israeli venture capital firm.,"Finance,Financial Services,Venture Capital","Financial Services,Lending and Investments",,,,,1/1/01,,,10-Jan,pr@scalemp.com,877-803-8492,,https://www.linkedin.com/company/484809/,https://www.twitter.com/sckipiotech,https://res.cloudinary.com/crunchbase-production/image/upload/v1397179126/65304ccd001cb067399542600e0b8a83.gif,,,,investor,5
c809bf03-acfb-a3d6-3f0c-01c47d7ef5c3,Omgili,organization,omgili,https://www.crunchbase.com/organization/omgili,261157,4/1/08 18:37,2/12/18 23:23,,company,omgili.com,http://omgili.com,ISR,,Tel Aviv,Tel Aviv,Yosef Karo 18,61574,operating,Omgili is a vertical search engine that focuses on user-generated content platforms.,"Content,Search Engine","Internet Services,Media and Entertainment",1,600000,600000,USD,4/1/07,4/1/07,,Nov-50,ran@buzzilla.com,-7585899,,,http://twitter.com/omgili,https://res.cloudinary.com/crunchbase-production/image/upload/v1397185452/96e9392d4713eaa7c396a17db23135a6.png,,,,company,
e444b16f-c825-12f7-a6db-256a43d578ee,FoxyTunes,organization,foxytunes,https://www.crunchbase.com/organization/foxytunes,437177,4/5/08 9:50,1/6/21 12:13,,company,foxytunes.com,http://foxytunes.com,ISR,,Tel Aviv,Tel Aviv,,,closed,FoxyTunes was acquired by Yahoo in January 2008.,"Browser Extensions,Mobile,Music,Search Engine,Social Media,Video,Web Browsers","Internet Services,Media and Entertainment,Mobile,Music and Audio,Software,Video",1,,,,1/1/05,1/1/05,2/1/08,10-Jan,info@foxytunes.com,+1 408-349-3300,,,,https://res.cloudinary.com/crunchbase-production/image/upload/v1397185628/4bb9109721f23d0228f4e1307a594185.png,,,,company,
81811ef2-60c6-fbe8-0916-541985ec0a22,LoftCity,organization,loftcity,https://www.crunchbase.com/organization/loftcity,985651,4/7/08 4:54,2/12/18 22:12,,company,loftcity.com,http://www.loftcity.com,ISR,,Tel Aviv,Tel Aviv,,,operating,LoftCity an online film studio designed for the creation of short affordable professional films.,Public Relations,Sales and Marketing,,,,,,,,unknown,,9.73E+11,,,,https://res.cloudinary.com/crunchbase-production/image/upload/v1397185667/433a12ed9cbc02df00caecf3bc035738.jpg,,,,company,
7b79002d-1720-83f2-8720-84bef71e12e7,Seperia,organization,easynet-search-marketing,https://www.crunchbase.com/organization/easynet-search-marketing,323815,4/8/08 21:12,6/24/19 22:21,,company,seperia.com,http://www.seperia.com,ISR,,Tel Aviv,Herzliya,6 Galgaley Haplada St.,42677,operating,Seperia is a digital marketing company focusing on pay per click revenue and search engine optimization for companies.,"Advertising,App Marketing","Advertising,Sales and Marketing",,,,,7/1/05,,,Nov-50,info@seperia.com,+972 9-950-9249,http://www.facebook.com/SeperiaCollege,http://www.linkedin.com/company/291932,http://twitter.com/Seperia,https://res.cloudinary.com/crunchbase-production/image/upload/v1397185745/6719927ec5be7b4c2961592997a727b8.png,,,,company,